x,y,x_err,y_err,t_up_true,t_low_true,is_concordant,Case,Tier,L,True_I,CL_code,Sample
21.34894260584496,0.6312601080166215,0.20044061924131829,0.005926765052923575,3150,,True,8,A,1.0,0;0;0,C25L100,8A
21.496589679057674,0.6329528757911689,0.2573932921551115,0.007578775373735282,3150,,True,8,A,1.0,0;0;0,C25L100,8A
20.616466125942644,0.6227202943141874,0.30422118227203004,0.00918899985107834,3150,,True,8,A,1.0,0;0;0,C25L100,8A
21.290622053884476,0.6305888685700877,0.2738110906064313,0.0081097783517297,3150,,True,8,A,1.0,0;0;0,C25L100,8A
21.243043336721616,0.6300401653052311,0.20189089665326349,0.005987813134154901,3150,,True,8,A,1.0,0;0;0,C25L100,8A
21.539484241598018,0.633442905441826,0.30731781993768226,0.009037741599189327,3150,,True,8,A,1.0,0;0;0,C25L100,8A
21.270277791435102,0.6303543685029495,0.281355069661174,0.008338085614132766,3150,,True,8,A,1.0,0;0;0,C25L100,8A
21.402754020240465,0.6318781419000966,0.15564911476353668,0.004595262522391661,3150,,True,8,A,1.0,0;0;0,C25L100,8A
21.370093677781615,0.631503181313038,0.12048827580096015,0.003560523909089746,3150,,True,8,A,1.0,0;0;0,C25L100,8A
21.53916869678585,0.6334393035116004,0.24375110400836947,0.007168407087887545,3150,,True,8,A,1.0,0;0;0,C25L100,8A
21.187888446248582,0.6294028506270741,0.1810560088715822,0.005378410802757995,3150,,True,8,A,1.0,0;0;0,C25L100,8A
21.6540308271849,0.6347476515495547,0.3016668770711326,0.008842803600833471,3150,,True,8,A,1.0,0;0;0,C25L100,8A
21.108229619172118,0.6284800330263457,0.14662593347704347,0.004365665580521826,3150,,True,8,A,1.0,0;0;0,C25L100,8A
21.424209814689455,0.6321242168904039,0.11650565976243832,0.003437515295903046,3150,,True,8,A,1.0,0;0;0,C25L100,8A
10.801447526530799,0.47516946865536125,0.1277864118976556,0.005621487425054984,2500,,True,8,A,1.0,0;0;0,C25L100,8A
11.106748502329184,0.4811159830961993,0.16299261522867162,0.007060423876233252,2500,,True,8,A,1.0,0;0;0,C25L100,8A
10.64128424127827,0.47199787280419075,0.09262809152496565,0.0041085512961021925,2500,,True,8,A,1.0,0;0;0,C25L100,8A
10.83693479065674,0.4758672854352357,0.07471756158421881,0.003280968640327817,2500,,True,8,A,1.0,0;0;0,C25L100,8A
10.709982494561988,0.4733627282295082,0.10449782679737644,0.0046186234582527895,2500,,True,8,A,1.0,0;0;0,C25L100,8A
10.587711059299792,0.47092879598537785,0.12385652568823682,0.005508990960426797,2500,,True,8,A,1.0,0;0;0,C25L100,8A
10.859211508040403,0.4763044318470193,0.14471834403145792,0.006347605310082388,2500,,True,8,A,1.0,0;0;0,C25L100,8A
10.5285114839192,0.46974258797792623,0.0855301151294369,0.0038160320850973584,2500,,True,8,A,1.0,0;0;0,C25L100,8A
10.614956156353118,0.47147300323820207,0.13850016449200797,0.006151611701471802,2500,,True,8,A,1.0,0;0;0,C25L100,8A
10.749947474054986,0.474153627585207,0.08474485709571483,0.003737886302058933,2500,,True,8,A,1.0,0;0;0,C25L100,8A
10.881688096198026,0.4767447998296716,0.0696158698540455,0.003049986697388557,2500,,True,8,A,1.0,0;0;0,C25L100,8A
10.847944828416173,0.47608342708619855,0.05503837910278912,0.0024154676815729107,2500,,True,8,A,1.0,0;0;0,C25L100,8A
10.779916484496544,0.4747452229972111,0.12556994950956368,0.005530073796712767,2500,,True,8,A,1.0,0;0;0,C25L100,8A
5.05234803290618,0.3278892221932231,0.06470688800569677,0.004199372458220733,1850,,True,8,A,1.0,0;0;0,C25L100,8A
5.141222351359909,0.3309417197369084,0.054946361244521374,0.003536910493423308,1850,,True,8,A,1.0,0;0;0,C25L100,8A
5.158959754782121,0.33154647296024575,0.031703359174753844,0.0020374527840885245,1850,,True,8,A,1.0,0;0;0,C25L100,8A
5.105449868523523,0.32971757388628536,0.04957882997977148,0.003201874850996897,1850,,True,8,A,1.0,0;0;0,C25L100,8A
5.03220059674566,0.32719198706225017,0.063657280051715,0.004138974897894255,1850,,True,8,A,1.0,0;0;0,C25L100,8A
5.1989307056267124,0.3329039139473429,0.05477486296896643,0.003507407061333426,1850,,True,8,A,1.0,0;0;0,C25L100,8A
5.249361337060481,0.33460609094210414,0.04220224561695859,0.0026900659962525194,1850,,True,8,A,1.0,0;0;0,C25L100,8A
5.152268475973439,0.33131850771716914,0.048262194754380414,0.0031035180755318893,1850,,True,8,A,1.0,0;0;0,C25L100,8A
5.262923965490614,0.335061893071305,0.04781517172393071,0.003044133272758818,1850,,True,8,A,1.0,0;0;0,C25L100,8A
5.0685949563989166,0.328450050891574,0.0372004197635908,0.0024106246148380677,1850,,True,8,A,1.0,0;0;0,C25L100,8A
5.100615460428894,0.3295516756925987,0.03985538760177496,0.002575063709750535,1850,,True,8,A,1.0,0;0;0,C25L100,8A
5.197069504780248,0.3328408702111566,0.06038560885787696,0.0038673330387441387,1850,,True,8,A,1.0,0;0;0,C25L100,8A
5.145135562965659,0.33107526629893325,0.06605830334901328,0.004250669414806293,1850,,True,8,A,1.0,0;0;0,C25L100,8A
1.5551499610112494,0.04611634032740093,0.009176129076800104,0.00040816271935476575,3150,0.0,False,8,A,1.0,0;0;0,C25L100,8A
1.4396957240185797,0.04269266607161908,0.0172233732855572,0.0007661115943180181,3150,0.0,False,8,A,1.0,0;0;0,C25L100,8A
2.2260833032147977,0.0660121646027266,0.013081576735250955,0.0005818806480401021,3150,0.0,False,8,A,1.0,0;0;0,C25L100,8A
6.341189729495216,0.18804132783173153,0.09316326154854374,0.004143988152232185,3150,0.0,False,8,A,1.0,0;0;0,C25L100,8A
1.342844210334474,0.039820636056342736,0.018834765076001556,0.0008377877934678964,3150,0.0,False,8,A,1.0,0;0;0,C25L100,8A
2.184523840375381,0.06477976233916595,0.02963556245793574,0.0013182172636413275,3150,0.0,False,8,A,1.0,0;0;0,C25L100,8A
1.3760552830436847,0.04080547557027624,0.015822524907593366,0.0007038005611396553,3150,0.0,False,8,A,1.0,0;0;0,C25L100,8A
7.819594687235367,0.23188187561307078,0.05039917923051625,0.0022418021668837804,3150,0.0,False,8,A,1.0,0;0;0,C25L100,8A
6.909596977701054,0.20489684836672659,0.05851529041920193,0.0026028143088920085,3150,0.0,False,8,A,1.0,0;0;0,C25L100,8A
1.7306431768853436,0.05132040750503643,0.010084976983321652,0.0004485891159214409,3150,0.0,False,8,A,1.0,0;0;0,C25L100,8A
2.061003756944116,0.06111690387046812,0.015807397231170976,0.0007031276680826371,3150,0.0,False,8,A,1.0,0;0;0,C25L100,8A
2.878334895350403,0.0853540011819175,0.04018618269105752,0.001787518622546374,3150,0.0,False,8,A,1.0,0;0;0,C25L100,8A
5.6350920534908875,0.16710274213429283,0.06914227600644128,0.0030755124694702048,3150,0.0,False,8,A,1.0,0;0;0,C25L100,8A
1.3592267648933447,0.04030644352212425,0.014337837094107419,0.0006377602722255169,3150,0.0,False,8,A,1.0,0;0;0,C25L100,8A
2.615175335693886,0.07755028056475116,0.02068388822864367,0.0009200385037714898,3150,0.0,False,8,A,1.0,0;0;0,C25L100,8A
1.959135420586565,0.05809610524279352,0.01831981771938312,0.0008148824581524496,3150,0.0,False,8,A,1.0,0;0;0,C25L100,8A
1.0701291014501322,0.03173355565314069,0.010903099817053057,0.0004849799772298658,3150,0.0,False,8,A,1.0,0;0;0,C25L100,8A
2.998240370679292,0.08890967224002572,0.03738174946490194,0.0016627748354596642,3150,0.0,False,8,A,1.0,0;0;0,C25L100,8A
3.496150375479049,0.10367467099219256,0.022839802088612988,0.0010159355488560567,3150,0.0,False,8,A,1.0,0;0;0,C25L100,8A
4.714244566427492,0.13979597611962918,0.0693854973178231,0.003086331178647872,3150,0.0,False,8,A,1.0,0;0;0,C25L100,8A
2.0091968109482936,0.059580623246242616,0.023661480514085502,0.001052484566177962,3150,0.0,False,8,A,1.0,0;0;0,C25L100,8A
6.207379774347915,0.18407333401410986,0.08095196207054835,0.003600818242559105,3150,0.0,False,8,A,1.0,0;0;0,C25L100,8A
1.452612078117619,0.0430756869997315,0.014360291245120133,0.0006387590536573653,3150,0.0,False,8,A,1.0,0;0;0,C25L100,8A
1.5582701261442808,0.04620886555053697,0.016442835865238193,0.0007313925670060508,3150,0.0,False,8,A,1.0,0;0;0,C25L100,8A
1.6231844683594812,0.048133832256499476,0.017790792490711037,0.0007913509260505304,3150,0.0,False,8,A,1.0,0;0;0,C25L100,8A
1.1341216940171541,0.033631188840447274,0.006908434215123351,0.0003072935517937985,3150,0.0,False,8,A,1.0,0;0;0,C25L100,8A
1.2662895468744313,0.0375504878376608,0.01731953540019534,0.0007703889742329151,3150,0.0,False,8,A,1.0,0;0;0,C25L100,8A
1.6988005428338846,0.05037614760364204,0.01620480541078768,0.0007208047519519441,3150,0.0,False,8,A,1.0,0;0;0,C25L100,8A
3.6624669403569237,0.10860661421328546,0.020750030833647473,0.0009229805880967654,3150,0.0,False,8,A,1.0,0;0;0,C25L100,8A
1.7213324113246427,0.05104430652180603,0.024459625298279393,0.001087986785341274,3150,0.0,False,8,A,1.0,0;0;0,C25L100,8A
5.002004966030185,0.14832920883256798,0.02778090594749996,0.001235720424458626,3150,0.0,False,8,A,1.0,0;0;0,C25L100,8A
4.807398776498443,0.14255836647571338,0.039324093986739014,0.0017491721185974155,3150,0.0,False,8,A,1.0,0;0;0,C25L100,8A
1.9957137513610925,0.05918079726150371,0.014955630901874987,0.000665240312934238,3150,0.0,False,8,A,1.0,0;0;0,C25L100,8A
1.7846494517884552,0.05292190692032597,0.00985058442395081,0.0004381631178095347,3150,0.0,False,8,A,1.0,0;0;0,C25L100,8A
1.1435478608501153,0.03391071192731989,0.014889289101583561,0.000662289368218094,3150,0.0,False,8,A,1.0,0;0;0,C25L100,8A
1.341681187177289,0.039786147824937376,0.013607637445394326,0.0006052803156124215,3150,0.0,False,8,A,1.0,0;0;0,C25L100,8A
1.2274294284268026,0.03639813179970763,0.00785270574982739,0.0003492956241478745,3150,0.0,False,8,A,1.0,0;0;0,C25L100,8A
2.0946812318322787,0.06211557405163836,0.017333394281994177,0.0007710054301300461,3150,0.0,False,8,A,1.0,0;0;0,C25L100,8A
2.56428764431984,0.07604125947179158,0.025153364914743737,0.0011188449659542872,3150,0.0,False,8,A,1.0,0;0;0,C25L100,8A
2.9021395491164372,0.08605990321192915,0.029971041606239278,0.0013331396868453114,3150,0.0,False,8,A,1.0,0;0;0,C25L100,8A
0.8207116869058177,0.03623722827999786,0.011167580419706571,0.0007396303125580713,2500,0.0,False,8,A,1.0,0;0;0,C25L100,8A
2.9607469136621924,0.13072710368505835,0.04251454398265514,0.0028157438113153356,2500,0.0,False,8,A,1.0,0;0;0,C25L100,8A
2.8811650197807284,0.12721329085462388,0.03731439570677017,0.00247133731052542,2500,0.0,False,8,A,1.0,0;0;0,C25L100,8A
0.5652688634522829,0.024958553864051367,0.006019834217798408,0.0003986944079848407,2500,0.0,False,8,A,1.0,0;0;0,C25L100,8A
0.8992112210906779,0.0397032512275384,0.00892155304486624,0.0005908756256130198,2500,0.0,False,8,A,1.0,0;0;0,C25L100,8A
0.8621783587180247,0.038068123680227654,0.009982846667161026,0.0006611652410957624,2500,0.0,False,8,A,1.0,0;0;0,C25L100,8A
1.1882362405903155,0.05246469446922713,0.015001864520596512,0.0009935754503045866,2500,0.0,False,8,A,1.0,0;0;0,C25L100,8A
1.7206053815181226,0.07597061304796565,0.024710086420302754,0.0016365522571151266,2500,0.0,False,8,A,1.0,0;0;0,C25L100,8A
1.142183864367733,0.05043132453354888,0.014623397078692108,0.0009685095021019801,2500,0.0,False,8,A,1.0,0;0;0,C25L100,8A
1.0543690607724974,0.04655400057799406,0.006521046765682424,0.00043188978061858634,2500,0.0,False,8,A,1.0,0;0;0,C25L100,8A
0.6245546617206525,0.027576224648919026,0.003199610306837381,0.00021191060931463067,2500,0.0,False,8,A,1.0,0;0;0,C25L100,8A
1.105729524891501,0.04882174075099412,0.008867147935371869,0.0005872723680918946,2500,0.0,False,8,A,1.0,0;0;0,C25L100,8A
0.5812060887905133,0.025662236877154965,0.0045561235714083916,0.00030175266033701225,2500,0.0,False,8,A,1.0,0;0;0,C25L100,8A
0.6340512741841139,0.027995532573023944,0.003354128090495571,0.00022214434234611315,2500,0.0,False,8,A,1.0,0;0;0,C25L100,8A
1.8905375245048277,0.08347369842589464,0.021859700072717685,0.0014477707963203273,2500,0.0,False,8,A,1.0,0;0;0,C25L100,8A
5.915822307595537,0.2612037903742486,0.0436914725160511,0.0028936919420919963,2500,0.0,False,8,A,1.0,0;0;0,C25L100,8A
0.6253271981269614,0.02761033477377367,0.007492175128630395,0.0004962077391759951,2500,0.0,False,8,A,1.0,0;0;0,C25L100,8A
0.6332860990805126,0.027961747474863703,0.004149372800498878,0.0002748135035533134,2500,0.0,False,8,A,1.0,0;0;0,C25L100,8A
0.7156638088154129,0.03159900513851575,0.007954915307179681,0.0005268550817543061,2500,0.0,False,8,A,1.0,0;0;0,C25L100,8A
4.968065510223791,0.2193570859002805,0.03344143237782855,0.0022148304424435775,2500,0.0,False,8,A,1.0,0;0;0,C25L100,8A
3.7489745576428817,0.1655300503559164,0.042603659616551826,0.0028216459514097563,2500,0.0,False,8,A,1.0,0;0;0,C25L100,8A
0.8992359121026643,0.039704341420174975,0.010788816158513844,0.0007145447059751581,2500,0.0,False,8,A,1.0,0;0;0,C25L100,8A
0.8018306338388226,0.03540356520309571,0.0078111832982700816,0.0005173356919958217,2500,0.0,False,8,A,1.0,0;0;0,C25L100,8A
3.1736632099152784,0.1401280864600729,0.035259003047041666,0.0023352083857081946,2500,0.0,False,8,A,1.0,0;0;0,C25L100,8A
0.8186894335198939,0.03614793887574678,0.006689027608488872,0.0004430151738191993,2500,0.0,False,8,A,1.0,0;0;0,C25L100,8A
5.922160452286857,0.26148364114244826,0.06311672199896527,0.004180228757283683,2500,0.0,False,8,A,1.0,0;0;0,C25L100,8A
0.746300665970414,0.03295172717747322,0.007829771521795603,0.0005185667924723241,2500,0.0,False,8,A,1.0,0;0;0,C25L100,8A
1.157259829925446,0.05109697998134187,0.01604428368898025,0.001062615008234938,2500,0.0,False,8,A,1.0,0;0;0,C25L100,8A
0.5796566491657268,0.02559382381775143,0.007752225788102863,0.0005134309283824183,2500,0.0,False,8,A,1.0,0;0;0,C25L100,8A
1.0262601692141402,0.04531289686721581,0.008011104245370188,0.0005305764824834035,2500,0.0,False,8,A,1.0,0;0;0,C25L100,8A
1.4429489344447468,0.06371113116591261,0.0191504347873551,0.0012683358019432629,2500,0.0,False,8,A,1.0,0;0;0,C25L100,8A
0.620456191902113,0.027395263187320953,0.005366445730770212,0.00035542040298822315,2500,0.0,False,8,A,1.0,0;0;0,C25L100,8A
0.5583849327693956,0.02465460477742395,0.006730807523505919,0.00044578226305799074,2500,0.0,False,8,A,1.0,0;0;0,C25L100,8A
1.2698747643672597,0.0560693145443969,0.008428810310934646,0.0005582412098656812,2500,0.0,False,8,A,1.0,0;0;0,C25L100,8A
2.5176341468297405,0.11116215933045005,0.03752084711867954,0.002485010614551879,2500,0.0,False,8,A,1.0,0;0;0,C25L100,8A
2.8213002002918137,0.12457005430228561,0.026344709568135265,0.0017448135620986628,2500,0.0,False,8,A,1.0,0;0;0,C25L100,8A
1.0743744805488171,0.047437308291089754,0.007873577929554081,0.0005214680965905621,2500,0.0,False,8,A,1.0,0;0;0,C25L100,8A
1.6153986099686994,0.07132537421676143,0.012013193715605613,0.0007956353918002501,2500,0.0,False,8,A,1.0,0;0;0,C25L100,8A
0.6293554102454785,0.027788194117594263,0.003512485924752826,0.0002326324024312708,2500,0.0,False,8,A,1.0,0;0;0,C25L100,8A
1.3330851377997548,0.05886026874705114,0.01691188584911027,0.0011200764128325405,2500,0.0,False,8,A,1.0,0;0;0,C25L100,8A
0.3012159686792174,0.019313869151036743,0.0025319937075693496,0.00024352590953430857,1850,0.0,False,8,A,1.0,0;0;0,C25L100,8A
0.4912689891743233,0.03150000651187129,0.0055554281164972245,0.0005343183440298508,1850,0.0,False,8,A,1.0,0;0;0,C25L100,8A
1.1531803886666394,0.07394154842424151,0.010934540953358147,0.0010516787711778918,1850,0.0,False,8,A,1.0,0;0;0,C25L100,8A
0.7462751634156762,0.04785091879451012,0.008461042226730183,0.000813778880142112,1850,0.0,False,8,A,1.0,0;0;0,C25L100,8A
0.2637247115742535,0.01690994203784877,0.003219276864681575,0.0003096284655726638,1850,0.0,False,8,A,1.0,0;0;0,C25L100,8A
0.2685128213830902,0.017216954068898,0.0025242586906045385,0.0002427819594067914,1850,0.0,False,8,A,1.0,0;0;0,C25L100,8A
0.4478385764833518,0.028715262689799074,0.00552522410023953,0.0005314133366008217,1850,0.0,False,8,A,1.0,0;0;0,C25L100,8A
0.33911418494800194,0.021743890352377847,0.0033562122128948796,0.00032279884001765196,1850,0.0,False,8,A,1.0,0;0;0,C25L100,8A
0.26278367209797443,0.01684960289517148,0.001536809558917685,0.00014780958755846287,1850,0.0,False,8,A,1.0,0;0;0,C25L100,8A
0.44612555064097464,0.02860542403444129,0.0038933481256113456,0.00037446030793393255,1850,0.0,False,8,A,1.0,0;0;0,C25L100,8A
2.5076270958037514,0.16078822719895705,0.034240558380470375,0.003293240065186163,1850,0.0,False,8,A,1.0,0;0;0,C25L100,8A
0.3435848915300573,0.0220305505925939,0.004666313354737458,0.0004488037235192875,1850,0.0,False,8,A,1.0,0;0;0,C25L100,8A
4.200526976792264,0.2693364125112642,0.058624019690044896,0.00563842938191203,1850,0.0,False,8,A,1.0,0;0;0,C25L100,8A
0.3753922076520777,0.02407002527356804,0.0029991722098313732,0.00028845890811883177,1850,0.0,False,8,A,1.0,0;0;0,C25L100,8A
0.4222478627517733,0.027074394515842103,0.0024693544451176463,0.00023750129607831656,1850,0.0,False,8,A,1.0,0;0;0,C25L100,8A
0.6825719046298997,0.04376628672776402,0.006197356668770666,0.000596058716480658,1850,0.0,False,8,A,1.0,0;0;0,C25L100,8A
1.3903884740719707,0.08915125308623281,0.013861013448706995,0.0013331454565122377,1850,0.0,False,8,A,1.0,0;0;0,C25L100,8A
1.4078584685188655,0.09027142340222293,0.01342083203313712,0.0012908090244483296,1850,0.0,False,8,A,1.0,0;0;0,C25L100,8A
0.3954016327726509,0.025353023051742883,0.00411556413730284,0.00039583293465037385,1850,0.0,False,8,A,1.0,0;0;0,C25L100,8A
0.795940862718424,0.051035467149745405,0.008194545916884998,0.00078814739612674,1850,0.0,False,8,A,1.0,0;0;0,C25L100,8A
0.34235027540269874,0.02195138741130534,0.0028158048156980463,0.00027082272233299826,1850,0.0,False,8,A,1.0,0;0;0,C25L100,8A
1.2707574844857665,0.08148055325777313,0.01192461361434459,0.001146903472783977,1850,0.0,False,8,A,1.0,0;0;0,C25L100,8A
0.5118987546862477,0.03282278031254651,0.005437238758644411,0.00052295094971827,1850,0.0,False,8,A,1.0,0;0;0,C25L100,8A
1.6885664911105505,0.1082703297741351,0.009048061145491908,0.0008702380710468665,1850,0.0,False,8,A,1.0,0;0;0,C25L100,8A
0.2694168664842065,0.017274921144369324,0.0025732485622573316,0.00024749378116865043,1850,0.0,False,8,A,1.0,0;0;0,C25L100,8A
0.47656571069806997,0.03055723711678641,0.002671286395346364,0.00025692301173917126,1850,0.0,False,8,A,1.0,0;0;0,C25L100,8A
0.3622503378556939,0.023227372891092175,0.00181726760844123,0.00017478390482957669,1850,0.0,False,8,A,1.0,0;0;0,C25L100,8A
1.5892642585747763,0.10190310318249228,0.013240067741215467,0.0012734232037529829,1850,0.0,False,8,A,1.0,0;0;0,C25L100,8A
0.5586181054216348,0.035818409763671684,0.004147643646667374,0.00039891832608403256,1850,0.0,False,8,A,1.0,0;0;0,C25L100,8A
0.5084855838410637,0.03260392891704092,0.002789395756251082,0.0002682827119836276,1850,0.0,False,8,A,1.0,0;0;0,C25L100,8A
0.527094358935371,0.033797117474767345,0.007478537016366911,0.0007192820122152157,1850,0.0,False,8,A,1.0,0;0;0,C25L100,8A
3.9158428882633802,0.2510825620951047,0.02904141446445363,0.0027931889603344077,1850,0.0,False,8,A,1.0,0;0;0,C25L100,8A
0.43639124268694585,0.02798126340004867,0.004883737688405467,0.0004697154890000248,1850,0.0,False,8,A,1.0,0;0;0,C25L100,8A
1.229280297047499,0.07882104959849388,0.011732957134367264,0.0011284700467983227,1850,0.0,False,8,A,1.0,0;0;0,C25L100,8A
0.4139196343658694,0.026540391242341702,0.005377699860893913,0.0005172245278144497,1850,0.0,False,8,A,1.0,0;0;0,C25L100,8A
0.415602663303216,0.026648306505984105,0.0022020074156408145,0.00021178799026716542,1850,0.0,False,8,A,1.0,0;0;0,C25L100,8A
0.6749466976699451,0.04327736095759352,0.008359757416381747,0.0008040373568956774,1850,0.0,False,8,A,1.0,0;0;0,C25L100,8A
0.7272925557454007,0.046633760214582334,0.008677294222998526,0.0008345778907883166,1850,0.0,False,8,A,1.0,0;0;0,C25L100,8A
1.175674013774985,0.07538383229112947,0.01755380743343784,0.0016883165658108067,1850,0.0,False,8,A,1.0,0;0;0,C25L100,8A
0.4259636872742091,0.027312651965901026,0.0047784266939430746,0.0004595867293456274,1850,0.0,False,8,A,1.0,0;0;0,C25L100,8A
21.19897348456352,0.6295310453127084,0.11670452446120097,0.0034656923992230325,3150,,True,8,B,0.9583333333333334,0;0;0,C25L96,8B
20.841392349746258,0.6253682768794296,0.16563804803537172,0.004970146857141901,3150,,True,8,B,0.9583333333333334,0;0;0,C25L96,8B
21.37753502623187,0.6315886530679818,0.2856562807158611,0.008439572914106056,3150,,True,8,B,0.9583333333333334,0;0;0,C25L96,8B
21.20827818352637,0.6296386093539493,0.23238202543056638,0.006899036973430879,3150,,True,8,B,0.9583333333333334,0;0;0,C25L96,8B
21.599440458285024,0.6341265333615802,0.29675222806795803,0.008712191504010862,3150,,True,8,B,0.9583333333333334,0;0;0,C25L96,8B
21.261358106884668,0.6302514980001362,0.2361648157715022,0.007000645404054332,3150,,True,8,B,0.9583333333333334,0;0;0,C25L96,8B
20.895218686048413,0.6259985482517061,0.1872559499784862,0.005609989280289022,3150,,True,8,B,0.9583333333333334,0;0;0,C25L96,8B
21.373573526603916,0.6315431540373035,0.2619907741426875,0.007741264212313385,3150,,True,8,B,0.9583333333333334,0;0;0,C25L96,8B
21.613051156062358,0.6342815113210023,0.27198344188200524,0.007981939584815025,3150,,True,8,B,0.9583333333333334,0;0;0,C25L96,8B
20.843363765918216,0.6253913839540495,0.19160728780980754,0.005749050309000282,3150,,True,8,B,0.9583333333333334,0;0;0,C25L96,8B
21.32007733045296,0.6309280682844433,0.10925897427234456,0.003233316301434141,3150,,True,8,B,0.9583333333333334,0;0;0,C25L96,8B
21.059435293057238,0.6279133846731446,0.21485469080986555,0.006406161145441592,3150,,True,8,B,0.9583333333333334,0;0;0,C25L96,8B
21.083542730201003,0.6281934760968844,0.1252514161860967,0.0037319213154482756,3150,,True,8,B,0.9583333333333334,0;0;0,C25L96,8B
21.35116656183714,0.6312856753789341,0.19109448656156075,0.005650052499980384,3150,,True,8,B,0.9583333333333334,0;0;0,C25L96,8B
10.772085497298155,0.47459075992978833,0.06995113932133581,0.0030818697434952585,2500,,True,8,B,0.9583333333333334,0;0;0,C25L96,8B
10.533922780484934,0.4698512293467267,0.07146653130087319,0.003187666958321464,2500,,True,8,B,0.9583333333333334,0;0;0,C25L96,8B
10.981513488285039,0.4786921685590224,0.1492368861356272,0.006505344525549155,2500,,True,8,B,0.9583333333333334,0;0;0,C25L96,8B
10.78497639898136,0.47484498177077,0.07680492982734567,0.003381596227435032,2500,,True,8,B,0.9583333333333334,0;0;0,C25L96,8B
10.36861163979697,0.46651275896286404,0.1278962962508041,0.005754411110942404,2500,,True,8,B,0.9583333333333334,0;0;0,C25L96,8B
10.734755969226029,0.4738532579870919,0.09436416165315939,0.004165419834857605,2500,,True,8,B,0.9583333333333334,0;0;0,C25L96,8B
10.70934878549749,0.47335016894326937,0.13297974132931825,0.005877666726991465,2500,,True,8,B,0.9583333333333334,0;0;0,C25L96,8B
10.275586312308311,0.4646160824707894,0.13183167551333327,0.005960839095789341,2500,,True,8,B,0.9583333333333334,0;0;0,C25L96,8B
11.003421524584223,0.4791177150214849,0.06652834770270237,0.002896818036485978,2500,,True,8,B,0.9583333333333334,0;0;0,C25L96,8B
10.664082092531611,0.47245155728333965,0.14562577662626294,0.006451668727855843,2500,,True,8,B,0.9583333333333334,0;0;0,C25L96,8B
10.575757602471105,0.4706896913408191,0.06344000153269734,0.0028234908422172292,2500,,True,8,B,0.9583333333333334,0;0;0,C25L96,8B
10.979692004595435,0.478656758153737,0.1365434898568445,0.005952577192012323,2500,,True,8,B,0.9583333333333334,0;0;0,C25L96,8B
10.671643339392542,0.4726018635223688,0.15785757709767662,0.006990843184582538,2500,,True,8,B,0.9583333333333334,0;0;0,C25L96,8B
5.187295410635632,0.3325095340143382,0.06324934310144913,0.0040543304239537776,1850,,True,8,B,0.9583333333333334,0;0;0,C25L96,8B
5.175526996117686,0.33211000587934913,0.04630181137654496,0.0029711553741336525,1850,,True,8,B,0.9583333333333334,0;0;0,C25L96,8B
5.2175227953883265,0.3335328028680476,0.057848821142111886,0.0036980153637651545,1850,,True,8,B,0.9583333333333334,0;0;0,C25L96,8B
5.262305004847931,0.33504110964806866,0.04784171854362306,0.003045992669288323,1850,,True,8,B,0.9583333333333334,0;0;0,C25L96,8B
5.273204215654456,0.33540682989107534,0.07569059089069906,0.00481436714851008,1850,,True,8,B,0.9583333333333334,0;0;0,C25L96,8B
5.139464620417347,0.3308817101429731,0.03580881787520298,0.0023053924429551334,1850,,True,8,B,0.9583333333333334,0;0;0,C25L96,8B
5.1868849418509315,0.3324956097117931,0.0463763004441602,0.0029728664632487052,1850,,True,8,B,0.9583333333333334,0;0;0,C25L96,8B
5.185322211897035,0.33244259021478073,0.034372023154590516,0.002203667186239147,1850,,True,8,B,0.9583333333333334,0;0;0,C25L96,8B
5.22298947924497,0.33371741540343847,0.04384583478293294,0.0028014834642327803,1850,,True,8,B,0.9583333333333334,0;0;0,C25L96,8B
5.245240236110715,0.3344674271419541,0.03900343568195941,0.002487088902512242,1850,,True,8,B,0.9583333333333334,0;0;0,C25L96,8B
5.053676512218378,0.32793512764871346,0.06334806567992965,0.004110681788757343,1850,,True,8,B,0.9583333333333334,0;0;0,C25L96,8B
5.191721329609905,0.3326596247239988,0.04039747711724067,0.0025884689728960008,1850,,True,8,B,0.9583333333333334,0;0;0,C25L96,8B
5.260431584055314,0.3349781934892345,0.03607425835151403,0.0022971670101521154,1850,,True,8,B,0.9583333333333334,0;0;0,C25L96,8B
1.8961549957590074,0.05741089447483722,0.027671203214419793,0.0012567236312073658,3150,0.0,False,8,B,0.9583333333333334,0;0;0,C25L96,8B
1.574470107711433,0.046901031204112584,0.01991395385707315,0.000889808863318565,3150,0.0,False,8,B,0.9583333333333334,0;0;0,C25L96,8B
1.1734965201975458,0.03565262964467752,0.006710312920520469,0.00030580444496964134,3150,0.0,False,8,B,0.9583333333333334,0;0;0,C25L96,8B
5.500776778402402,0.16900446538012806,0.06143026457005856,0.0028310517150737275,3150,0.0,False,8,B,0.9583333333333334,0;0;0,C25L96,8B
1.9105675405671456,0.05546653681327726,0.02071490556011541,0.0009020754677109958,3150,0.0,False,8,B,0.9583333333333334,0;0;0,C25L96,8B
1.4193851404775597,0.042002357037098134,0.018059589241475094,0.0008016273669828859,3150,0.0,False,8,B,0.9583333333333334,0;0;0,C25L96,8B
4.117969922477641,0.12538600773306338,0.03148351946857835,0.0014379389200987966,3150,0.0,False,8,B,0.9583333333333334,0;0;0,C25L96,8B
1.226832896703103,0.036848921955862035,0.014847686260760584,0.0006689434645722946,3150,0.0,False,8,B,0.9583333333333334,0;0;0,C25L96,8B
1.1880257944860515,0.03663774542575479,0.007855868833767866,0.0003634028702477228,3150,0.0,False,8,B,0.9583333333333334,0;0;0,C25L96,8B
1.9058594003658287,0.0560032063199228,0.018716125546060412,0.0008249530686243733,3150,0.0,False,8,B,0.9583333333333334,0;0;0,C25L96,8B
1.1094673002333046,0.03295927344869078,0.005880782224744666,0.0002620532070618045,3150,0.0,False,8,B,0.9583333333333334,0;0;0,C25L96,8B
1.7613162926883819,0.05643754961861021,0.017062915335240177,0.0008201160134057232,3150,0.0,False,8,B,0.9583333333333334,0;0;0,C25L96,8B
1.6544088186593093,0.048928753816090784,0.015518182708822081,0.0006884199354501548,3150,0.0,False,8,B,0.9583333333333334,0;0;0,C25L96,8B
1.5870498527892998,0.047787042747233235,0.015208096319540981,0.0006868876371293456,3150,0.0,False,8,B,0.9583333333333334,0;0;0,C25L96,8B
6.0471754737458765,0.17709057100616016,0.04953583063353567,0.002175973370603215,3150,0.0,False,8,B,0.9583333333333334,0;0;0,C25L96,8B
1.4453484341268639,0.04247508573309123,0.02095843532503716,0.0009238720396858961,3150,0.0,False,8,B,0.9583333333333334,0;0;0,C25L96,8B
2.8344540322883933,0.08298113669548975,0.026916902028925344,0.0011820239989276183,3150,0.0,False,8,B,0.9583333333333334,0;0;0,C25L96,8B
1.4140825099956098,0.041829555600579334,0.019897361649367007,0.0008828669361941435,3150,0.0,False,8,B,0.9583333333333334,0;0;0,C25L96,8B
2.381441116034717,0.06971607196928503,0.01490322564111967,0.0006544321069131443,3150,0.0,False,8,B,0.9583333333333334,0;0;0,C25L96,8B
7.495286429119414,0.2205574397362856,0.061952053329092906,0.0027345158316269733,3150,0.0,False,8,B,0.9583333333333334,0;0;0,C25L96,8B
4.284670704439946,0.12976486481605168,0.02696612366441864,0.0012250376866652143,3150,0.0,False,8,B,0.9583333333333334,0;0;0,C25L96,8B
3.3858502125279837,0.09975956831679411,0.02378635644175776,0.001051249982210873,3150,0.0,False,8,B,0.9583333333333334,0;0;0,C25L96,8B
1.8736100923779737,0.055519031773565285,0.021087072335449118,0.0009372818633123778,3150,0.0,False,8,B,0.9583333333333334,0;0;0,C25L96,8B
2.990052511027345,0.08779646456624371,0.026912309870941283,0.0011853331929451818,3150,0.0,False,8,B,0.9583333333333334,0;0;0,C25L96,8B
1.2208566624646828,0.03570893373471283,0.010038074833696226,0.00044040667518278334,3150,0.0,False,8,B,0.9583333333333334,0;0;0,C25L96,8B
1.8304155255913768,0.0552490720849081,0.025857764598173967,0.001170732120875288,3150,0.0,False,8,B,0.9583333333333334,0;0;0,C25L96,8B
1.140084426253829,0.03394957668887115,0.014394593005889965,0.0006429659873054182,3150,0.0,False,8,B,0.9583333333333334,0;0;0,C25L96,8B
2.1024976850370356,0.06182788573773709,0.015932904271007978,0.0007028053764926014,3150,0.0,False,8,B,0.9583333333333334,0;0;0,C25L96,8B
16.81525238536827,0.4994281192378863,0.21428279802128727,0.009546587736077522,3150,0.0,False,8,B,0.9583333333333334,0;0;0,C25L96,8B
6.4556751788848,0.1905532118795002,0.059572992018889735,0.0026376385093539356,3150,0.0,False,8,B,0.9583333333333334,0;0;0,C25L96,8B
1.6524920544581663,0.049154837427817774,0.02132934246250562,0.0009516902290315271,3150,0.0,False,8,B,0.9583333333333334,0;0;0,C25L96,8B
3.3018806065951147,0.10110287349131343,0.022332480142955413,0.001025723602844988,3150,0.0,False,8,B,0.9583333333333334,0;0;0,C25L96,8B
2.339594782559225,0.069123466950913,0.03490773691492639,0.0015470267438773867,3150,0.0,False,8,B,0.9583333333333334,0;0;0,C25L96,8B
1.0841693904510528,0.03152272715542737,0.008872044208657668,0.00038693819161974153,3150,0.0,False,8,B,0.9583333333333334,0;0;0,C25L96,8B
2.112843923391568,0.06409130577954529,0.027202102241013326,0.0012377286130368865,3150,0.0,False,8,B,0.9583333333333334,0;0;0,C25L96,8B
1.868569773450301,0.05627267846546248,0.02381723657100565,0.001075897497545362,3150,0.0,False,8,B,0.9583333333333334,0;0;0,C25L96,8B
11.877225009133303,0.35397077611031447,0.1616253935633878,0.00722525665146199,3150,0.0,False,8,B,0.9583333333333334,0;0;0,C25L96,8B
1.2710986058694969,0.037820565045546505,0.015733627479154806,0.0007022130447590936,3150,0.0,False,8,B,0.9583333333333334,0;0;0,C25L96,8B
4.079344035922204,0.119810438261057,0.027588251464487127,0.0012154014725320485,3150,0.0,False,8,B,0.9583333333333334,0;0;0,C25L96,8B
4.816143940474438,0.1420264234669144,0.055556138416103795,0.00245749703654874,3150,0.0,False,8,B,0.9583333333333334,0;0;0,C25L96,8B
1.0344892977235076,0.049356746612782734,0.0071617764326856225,0.0005125456379249174,2500,0.0,False,8,B,0.9583333333333334,0;0;0,C25L96,8B
1.9650227863898337,0.08944346521417851,0.0206505967650052,0.0014099538281661978,2500,0.0,False,8,B,0.9583333333333334,0;0;0,C25L96,8B
0.6174743645503237,0.02825142525797983,0.006089483252194293,0.0004179199757168206,2500,0.0,False,8,B,0.9583333333333334,0;0;0,C25L96,8B
1.735732064148089,0.0784574329009214,0.015367641965418212,0.0010419572495530467,2500,0.0,False,8,B,0.9583333333333334,0;0;0,C25L96,8B
1.6776263785237957,0.07592140028321454,0.009496694165723123,0.000644662895463264,2500,0.0,False,8,B,0.9583333333333334,0;0;0,C25L96,8B
1.1359659927005188,0.04736969433557724,0.01233399301225142,0.0007714898368637079,2500,0.0,False,8,B,0.9583333333333334,0;0;0,C25L96,8B
2.1375009788999324,0.09833489873513333,0.019723449015208165,0.001361054367294064,2500,0.0,False,8,B,0.9583333333333334,0;0;0,C25L96,8B
2.3564593668594043,0.10635071672649671,0.013084721576090249,0.0008858010904120632,2500,0.0,False,8,B,0.9583333333333334,0;0;0,C25L96,8B
1.3547659806214658,0.06015791709882508,0.019368637016518583,0.0012900864909035394,2500,0.0,False,8,B,0.9583333333333334,0;0;0,C25L96,8B
3.4329886567216685,0.15729909891087504,0.04642713157005561,0.003190927799901471,2500,0.0,False,8,B,0.9583333333333334,0;0;0,C25L96,8B
0.6791138782107484,0.030830270867228504,0.0061206154512390264,0.0004167936445350131,2500,0.0,False,8,B,0.9583333333333334,0;0;0,C25L96,8B
1.456769750508179,0.06541514217347787,0.02154029492902717,0.0014508759411870891,2500,0.0,False,8,B,0.9583333333333334,0;0;0,C25L96,8B
1.0188002682843076,0.04494715999545765,0.008365222564727865,0.000553582005304563,2500,0.0,False,8,B,0.9583333333333334,0;0;0,C25L96,8B
2.3593773399047584,0.09909834115535561,0.02143893938424388,0.001350714419335666,2500,0.0,False,8,B,0.9583333333333334,0;0;0,C25L96,8B
1.150962855499528,0.05108561223053957,0.009544502884572106,0.000635450706725327,2500,0.0,False,8,B,0.9583333333333334,0;0;0,C25L96,8B
1.087842742280092,0.0491159941752087,0.008928094509475886,0.000604653900163942,2500,0.0,False,8,B,0.9583333333333334,0;0;0,C25L96,8B
1.444324063889582,0.06189005063976466,0.012841437755764339,0.0008253936074962465,2500,0.0,False,8,B,0.9583333333333334,0;0;0,C25L96,8B
2.01931200222728,0.09148673570297222,0.028825776962786306,0.0019589663971083804,2500,0.0,False,8,B,0.9583333333333334,0;0;0,C25L96,8B
0.8550969027822727,0.0381911356434254,0.012175728223768344,0.000815705600099374,2500,0.0,False,8,B,0.9583333333333334,0;0;0,C25L96,8B
0.899841652705892,0.03929624398753889,0.004737958184987752,0.00031036120679705094,2500,0.0,False,8,B,0.9583333333333334,0;0;0,C25L96,8B
0.7093331842354027,0.031261970832351396,0.009126633375586501,0.0006033480867514231,2500,0.0,False,8,B,0.9583333333333334,0;0;0,C25L96,8B
1.4630848888173058,0.06426835680777955,0.009664967778723174,0.0006368238806438484,2500,0.0,False,8,B,0.9583333333333334,0;0;0,C25L96,8B
0.6486841262112439,0.03008382002632606,0.008793835251716803,0.0006117434041410287,2500,0.0,False,8,B,0.9583333333333334,0;0;0,C25L96,8B
2.3410093727334282,0.10146719058213212,0.022983176755469,0.001494251840589845,2500,0.0,False,8,B,0.9583333333333334,0;0;0,C25L96,8B
0.8342217123847172,0.0402344533332217,0.007654979376351108,0.0005537986591192965,2500,0.0,False,8,B,0.9583333333333334,0;0;0,C25L96,8B
3.2412425665547695,0.14069141816605418,0.0445455069230679,0.002900355533369014,2500,0.0,False,8,B,0.9583333333333334,0;0;0,C25L96,8B
6.614691821655991,0.29897935299009903,0.07728147796126988,0.005239601534420672,2500,0.0,False,8,B,0.9583333333333334,0;0;0,C25L96,8B
1.314371454012472,0.05752132465649256,0.009388902327600075,0.0006163350139398926,2500,0.0,False,8,B,0.9583333333333334,0;0;0,C25L96,8B
2.9238006984547833,0.1257423250520083,0.026460222690989015,0.0017069408617611636,2500,0.0,False,8,B,0.9583333333333334,0;0;0,C25L96,8B
0.7082139709688183,0.02888753311589983,0.008032806724891466,0.0004914785215861164,2500,0.0,False,8,B,0.9583333333333334,0;0;0,C25L96,8B
1.126268363023333,0.05134130195461231,0.01642896137406226,0.0011233791533158581,2500,0.0,False,8,B,0.9583333333333334,0;0;0,C25L96,8B
5.627657862210878,0.25040699843369146,0.08080608179327642,0.005393293860199002,2500,0.0,False,8,B,0.9583333333333334,0;0;0,C25L96,8B
0.6263582000071322,0.027976085556923054,0.008867634008502616,0.0005941049890618296,2500,0.0,False,8,B,0.9583333333333334,0;0;0,C25L96,8B
0.8586000594664224,0.040020577316225055,0.006960277315173219,0.00048664272736138333,2500,0.0,False,8,B,0.9583333333333334,0;0;0,C25L96,8B
2.366764374811364,0.10068485805790182,0.028586818996027653,0.0018241738659586968,2500,0.0,False,8,B,0.9583333333333334,0;0;0,C25L96,8B
0.6384039399944582,0.028208571250716446,0.008272365254023594,0.0005482851609956415,2500,0.0,False,8,B,0.9583333333333334,0;0;0,C25L96,8B
0.9739242867480432,0.04145567121158073,0.009573075698835774,0.0006112255604277443,2500,0.0,False,8,B,0.9583333333333334,0;0;0,C25L96,8B
1.1431503265495988,0.04862646827288221,0.006600962494269919,0.0004211801621930101,2500,0.0,False,8,B,0.9583333333333334,0;0;0,C25L96,8B
0.6660187422679557,0.02990059542387458,0.004379228687960914,0.00029490509115732223,2500,0.0,False,8,B,0.9583333333333334,0;0;0,C25L96,8B
2.175109166587113,0.09438568487983696,0.032130554476525595,0.002091387712687239,2500,0.0,False,8,B,0.9583333333333334,0;0;0,C25L96,8B
0.9012754216392903,0.059311149566897904,0.009630756201705852,0.0009506714725717601,1850,0.0,False,8,B,0.9583333333333334,0;0;0,C25L96,8B
0.27727065993838057,0.01811372559671735,0.0030993006833314515,0.00030370982345586495,1850,0.0,False,8,B,0.9583333333333334,0;0;0,C25L96,8B
0.32651065536411766,0.019058516557955364,0.0030621526423652776,0.00026810803512257583,1850,0.0,False,8,B,0.9583333333333334,0;0;0,C25L96,8B
0.2778985929287819,0.01751651410291793,0.002280808568258077,0.0002156460115409109,1850,0.0,False,8,B,0.9583333333333334,0;0;0,C25L96,8B
0.3962581193585509,0.024693661138104304,0.002650463735590881,0.0002477538635099628,1850,0.0,False,8,B,0.9583333333333334,0;0;0,C25L96,8B
0.27856525485448297,0.017676451133449383,0.002808475162476858,0.00026731909186751313,1850,0.0,False,8,B,0.9583333333333334,0;0;0,C25L96,8B
0.536675908304376,0.03545258329521385,0.0030420172675472102,0.00030143155923639104,1850,0.0,False,8,B,0.9583333333333334,0;0;0,C25L96,8B
0.4636720046287229,0.026960011276014252,0.004493005274812197,0.0003918658178504508,1850,0.0,False,8,B,0.9583333333333334,0;0;0,C25L96,8B
0.285825344925003,0.018412632273936944,0.003663586502328763,0.00035400781772259226,1850,0.0,False,8,B,0.9583333333333334,0;0;0,C25L96,8B
0.606586045601779,0.03605034246274067,0.0070517422954163335,0.0006286438499995876,1850,0.0,False,8,B,0.9583333333333334,0;0;0,C25L96,8B
0.3916938592551435,0.02406419488564968,0.003939509225549706,0.0003630429052591718,1850,0.0,False,8,B,0.9583333333333334,0;0;0,C25L96,8B
0.34653646032392815,0.022112832817945943,0.002420847100002615,0.0002317149564152402,1850,0.0,False,8,B,0.9583333333333334,0;0;0,C25L96,8B
0.4369925824268812,0.025644849537254405,0.006362815898788275,0.0005601014625401957,1850,0.0,False,8,B,0.9583333333333334,0;0;0,C25L96,8B
1.2823348706117883,0.08180870832485368,0.01616442120957508,0.0015468546285534307,1850,0.0,False,8,B,0.9583333333333334,0;0;0,C25L96,8B
0.3627769234232009,0.02292847537320369,0.0028058244782163694,0.00026600345817173515,1850,0.0,False,8,B,0.9583333333333334,0;0;0,C25L96,8B
0.7330315451002697,0.047747762600931935,0.007191941832190108,0.0007026964941791529,1850,0.0,False,8,B,0.9583333333333334,0;0;0,C25L96,8B
0.3180301965052543,0.020915320474020362,0.0023558184480014475,0.00023239631814841907,1850,0.0,False,8,B,0.9583333333333334,0;0;0,C25L96,8B
0.5912660760311955,0.041803927403655655,0.007401354679984311,0.0007849402484097027,1850,0.0,False,8,B,0.9583333333333334,0;0;0,C25L96,8B
0.7627185733997938,0.04704367043849396,0.006630105414427688,0.0006134067760376666,1850,0.0,False,8,B,0.9583333333333334,0;0;0,C25L96,8B
0.9130963921460173,0.05937427172450578,0.012483600732116401,0.001217622873681866,1850,0.0,False,8,B,0.9583333333333334,0;0;0,C25L96,8B
0.25468013346205404,0.016642122265701435,0.002447301349263769,0.00023987906548783892,1850,0.0,False,8,B,0.9583333333333334,0;0;0,C25L96,8B
1.9826708758296858,0.12408342734859591,0.02117824297917525,0.0019881279889515623,1850,0.0,False,8,B,0.9583333333333334,0;0;0,C25L96,8B
0.46345152274979723,0.028764155837013763,0.006246570485331189,0.0005815408453754044,1850,0.0,False,8,B,0.9583333333333334,0;0;0,C25L96,8B
0.2631666489661753,0.016699322513488383,0.002021343831564579,0.00019239751324807367,1850,0.0,False,8,B,0.9583333333333334,0;0;0,C25L96,8B
0.4221866103501714,0.026426867644743814,0.002827805805397331,0.0002655107288301633,1850,0.0,False,8,B,0.9583333333333334,0;0;0,C25L96,8B
1.0085755719913603,0.06885551480741584,0.011914600486282572,0.0012201157349883266,1850,0.0,False,8,B,0.9583333333333334,0;0;0,C25L96,8B
1.0683257423019163,0.06970817963071035,0.006837876653292536,0.0006692564568555304,1850,0.0,False,8,B,0.9583333333333334,0;0;0,C25L96,8B
0.3532040927144078,0.023874659740250142,0.0027005900348789865,0.0002738176149877439,1850,0.0,False,8,B,0.9583333333333334,0;0;0,C25L96,8B
0.5687917746076706,0.035928604724693954,0.004995800619802323,0.0004733511113343677,1850,0.0,False,8,B,0.9583333333333334,0;0;0,C25L96,8B
0.27690368814324834,0.019680344126094613,0.001491525959884389,0.00015901058068433724,1850,0.0,False,8,B,0.9583333333333334,0;0;0,C25L96,8B
1.0171085256492187,0.06556244828644968,0.012684114289514827,0.0012264201403211963,1850,0.0,False,8,B,0.9583333333333334,0;0;0,C25L96,8B
0.5967677275465143,0.04076155828192702,0.00812686895460142,0.0008326451664146394,1850,0.0,False,8,B,0.9583333333333334,0;0;0,C25L96,8B
0.39664552269301817,0.025077273081275966,0.005645642019871272,0.0005354049089859942,1850,0.0,False,8,B,0.9583333333333334,0;0;0,C25L96,8B
0.9466023524490579,0.057484043128059395,0.0066315408339050865,0.0006040674497302212,1850,0.0,False,8,B,0.9583333333333334,0;0;0,C25L96,8B
1.1050712961385392,0.07154494488048546,0.014395991477923963,0.0013980461085004315,1850,0.0,False,8,B,0.9583333333333334,0;0;0,C25L96,8B
0.8158547317550147,0.05392802503251152,0.007359399643956374,0.000729684843593045,1850,0.0,False,8,B,0.9583333333333334,0;0;0,C25L96,8B
0.9878093782806253,0.0617623276853617,0.01125362170413219,0.0010554412925510642,1850,0.0,False,8,B,0.9583333333333334,0;0;0,C25L96,8B
0.2920931523118399,0.02089303868992529,0.0021254483818343097,0.0002280457873984708,1850,0.0,False,8,B,0.9583333333333334,0;0;0,C25L96,8B
2.4800929008819246,0.15800390752789775,0.015582256501054008,0.0014890918487728889,1850,0.0,False,8,B,0.9583333333333334,0;0;0,C25L96,8B
0.32676704194337197,0.020944531363635107,0.003357392905009574,0.0003227942783679136,1850,0.0,False,8,B,0.9583333333333334,0;0;0,C25L96,8B
20.7702657518171,0.6245334205519225,0.27427259380797275,0.008247000939771588,3150,,True,8,C,0.95,0;0;0,C25L95,8C
20.469095624346657,0.6209727350750994,0.12646705888560816,0.003836642169949626,3150,,True,8,C,0.95,0;0;0,C25L95,8C
20.76351608056214,0.6244540762080619,0.20823209880784307,0.006262493423242847,3150,,True,8,C,0.95,0;0;0,C25L95,8C
21.209431667853195,0.6296519412008553,0.2296227134737407,0.0068168911617603545,3150,,True,8,C,0.95,0;0;0,C25L95,8C
21.189923109729474,0.6294263848583972,0.2726912942349963,0.008100033899315195,3150,,True,8,C,0.95,0;0;0,C25L95,8C
21.082679871217607,0.6281834554457447,0.15742965254325542,0.0046908032436264275,3150,,True,8,C,0.95,0;0;0,C25L95,8C
21.425530875699383,0.6321393615621,0.25238672297408654,0.0074464237480594865,3150,,True,8,C,0.95,0;0;0,C25L95,8C
21.17098686455984,0.6292072857081471,0.1457686453720216,0.004332282395839561,3150,,True,8,C,0.95,0;0;0,C25L95,8C
21.376612581614417,0.631578059116527,0.3122324223441003,0.0092249951457204,3150,,True,8,C,0.95,0;0;0,C25L95,8C
21.49703676582673,0.632957987391057,0.3047978847625837,0.008974458098665155,3150,,True,8,C,0.95,0;0;0,C25L95,8C
22.047086036197264,0.639182904095502,0.1878523452215237,0.005446162243967667,3150,,True,8,C,0.95,0;0;0,C25L95,8C
21.214848098941353,0.6297145359248004,0.20661835087577926,0.006132996019037326,3150,,True,8,C,0.95,0;0;0,C25L95,8C
21.64360792557322,0.6346291593490183,0.12852143725960982,0.0037684776016489226,3150,,True,8,C,0.95,0;0;0,C25L95,8C
21.32229857200563,0.6309536322604403,0.2932965420486107,0.008679013564605152,3150,,True,8,C,0.95,0;0;0,C25L95,8C
10.77866994012268,0.474720641202092,0.13880694088286114,0.006113418477907555,2500,,True,8,C,0.95,0;0;0,C25L95,8C
10.71424347044605,0.47344716034206935,0.15856850407418405,0.007006916370781974,2500,,True,8,C,0.95,0;0;0,C25L95,8C
10.753148298207757,0.47421687321337064,0.08616716640318983,0.0037999963445298525,2500,,True,8,C,0.95,0;0;0,C25L95,8C
10.690369578036373,0.4729737601729955,0.08946305737375837,0.003958111862621983,2500,,True,8,C,0.95,0;0;0,C25L95,8C
10.902260428776817,0.47714724434254147,0.12630059038753147,0.005527659062626892,2500,,True,8,C,0.95,0;0;0,C25L95,8C
10.604578986813598,0.4712658513728911,0.05561580366834137,0.002471557720314914,2500,,True,8,C,0.95,0;0;0,C25L95,8C
10.472535780410816,0.46861624845710037,0.12691852634306028,0.005679243778363624,2500,,True,8,C,0.95,0;0;0,C25L95,8C
10.636887939804009,0.47191029893069486,0.10590139649125366,0.004698362900708192,2500,,True,8,C,0.95,0;0;0,C25L95,8C
10.61941930336611,0.47156204983672717,0.09008197291410527,0.00400014714432145,2500,,True,8,C,0.95,0;0;0,C25L95,8C
10.636801150833461,0.47190856982278095,0.05647001539954108,0.0025053287945483267,2500,,True,8,C,0.95,0;0;0,C25L95,8C
10.705235257095557,0.47326863025545496,0.15470652400904428,0.006839433506219627,2500,,True,8,C,0.95,0;0;0,C25L95,8C
10.63740367914032,0.47192057384826236,0.13293624554005035,0.005897618551744586,2500,,True,8,C,0.95,0;0;0,C25L95,8C
10.702839809661352,0.47322113638236135,0.14626595413009133,0.006467081845419326,2500,,True,8,C,0.95,0;0;0,C25L95,8C
5.1356449977936,0.3307512568747422,0.036767355687747624,0.0023679302426292763,1850,,True,8,C,0.95,0;0;0,C25L95,8C
5.221633292841457,0.3336716290855194,0.06679878527901591,0.004268560861127442,1850,,True,8,C,0.95,0;0;0,C25L95,8C
5.404827282301131,0.33978166298502394,0.03949557567149005,0.0024829419482385695,1850,,True,8,C,0.95,0;0;0,C25L95,8C
5.202675443028064,0.3330307096826726,0.07588181703246942,0.004857303834356767,1850,,True,8,C,0.95,0;0;0,C25L95,8C
5.13913348113573,0.33087040330338574,0.05835796235144082,0.003757233123066853,1850,,True,8,C,0.95,0;0;0,C25L95,8C
4.975216730351023,0.3252092897355618,0.05132497852339799,0.0033549010457097368,1850,,True,8,C,0.95,0;0;0,C25L95,8C
5.360351710482244,0.3383119456938028,0.05089826772864504,0.003212380999934954,1850,,True,8,C,0.95,0;0;0,C25L95,8C
5.207824897359978,0.33320496345332096,0.036534713112172726,0.0023375493583684547,1850,,True,8,C,0.95,0;0;0,C25L95,8C
5.169084551073404,0.3318910183290394,0.06780558916903408,0.0043535883027949395,1850,,True,8,C,0.95,0;0;0,C25L95,8C
4.9795996349376415,0.32536235279102765,0.05371042460647993,0.0035093885855319884,1850,,True,8,C,0.95,0;0;0,C25L95,8C
5.173714553531444,0.3320484179323381,0.07617499210771471,0.004888902422749652,1850,,True,8,C,0.95,0;0;0,C25L95,8C
5.1956205623649225,0.3327917797011773,0.07387639922342656,0.004731958017405352,1850,,True,8,C,0.95,0;0;0,C25L95,8C
5.135957838502197,0.33076194403445563,0.034366476453968516,0.0022132429663488,1850,,True,8,C,0.95,0;0;0,C25L95,8C
5.879829187054267,0.17409319007533436,0.08126953320138933,0.0036094090085424923,3150,0.0,False,8,C,0.95,0;0;0,C25L95,8C
2.923800630156441,0.08560433793434748,0.023614527995546038,0.0010370950128271927,3150,0.0,False,8,C,0.95,0;0;0,C25L95,8C
3.986013009909074,0.12099812244227479,0.03148289053474078,0.0014335266722496957,3150,0.0,False,8,C,0.95,0;0;0,C25L95,8C
1.837493418674498,0.05433257435505641,0.021931227577872667,0.0009727218946438405,3150,0.0,False,8,C,0.95,0;0;0,C25L95,8C
1.5244417082253787,0.04547386429748954,0.008944074563604848,0.00040020057583454386,3150,0.0,False,8,C,0.95,0;0;0,C25L95,8C
4.009535526548673,0.1185496475190854,0.038994977667466076,0.0017294425352574285,3150,0.0,False,8,C,0.95,0;0;0,C25L95,8C
2.0307480435477263,0.05970565848140422,0.022378781776790656,0.0009869318152787871,3150,0.0,False,8,C,0.95,0;0;0,C25L95,8C
1.3550978517201282,0.04186665589705233,0.013462986328190965,0.0006239219720187816,3150,0.0,False,8,C,0.95,0;0;0,C25L95,8C
5.36511196332405,0.15627100354888365,0.061246043267994106,0.002675894010315654,3150,0.0,False,8,C,0.95,0;0;0,C25L95,8C
2.3858223497979645,0.07075068660056943,0.029968151052414,0.0013330417895243223,3150,0.0,False,8,C,0.95,0;0;0,C25L95,8C
1.2385435490328052,0.03673839493283287,0.009448493671885612,0.00042040002425733624,3150,0.0,False,8,C,0.95,0;0;0,C25L95,8C
1.7341889229906329,0.05197963831846482,0.023584458524808734,0.0010603616547806315,3150,0.0,False,8,C,0.95,0;0;0,C25L95,8C
1.0798743301152027,0.03194758276969203,0.008864149238583186,0.00039336263524153957,3150,0.0,False,8,C,0.95,0;0;0,C25L95,8C
1.8348910707703303,0.054993208063027786,0.02292098507095323,0.0010304414151031574,3150,0.0,False,8,C,0.95,0;0;0,C25L95,8C
2.6899173193037154,0.08496621444025367,0.02545421251498752,0.0012060304215127577,3150,0.0,False,8,C,0.95,0;0;0,C25L95,8C
1.5292166961363856,0.04666697843669045,0.007978282192286659,0.0003652088588588757,3150,0.0,False,8,C,0.95,0;0;0,C25L95,8C
1.1841896647013057,0.03674466009200194,0.006771162662885076,0.00031515737456396897,3150,0.0,False,8,C,0.95,0;0;0,C25L95,8C
5.102514140772982,0.15907442868043326,0.07414710157145012,0.0034673812248372333,3150,0.0,False,8,C,0.95,0;0;0,C25L95,8C
1.8974651145514612,0.06027280254583991,0.010359462194500768,0.0004936010268714513,3150,0.0,False,8,C,0.95,0;0;0,C25L95,8C
2.7648442621771343,0.08110442787727579,0.030700944299484955,0.0013508803498073739,3150,0.0,False,8,C,0.95,0;0;0,C25L95,8C
1.3039444032717205,0.03994565864796707,0.01438780022802641,0.000661144165918999,3150,0.0,False,8,C,0.95,0;0;0,C25L95,8C
3.75916968684039,0.10944789372433114,0.02543706004290858,0.0011108966378858872,3150,0.0,False,8,C,0.95,0;0;0,C25L95,8C
1.2669693128853796,0.037771361380985594,0.0180538372493297,0.0008073415876643528,3150,0.0,False,8,C,0.95,0;0;0,C25L95,8C
1.1327169876735608,0.03300220923515442,0.01665898383531071,0.0007280502669609766,3150,0.0,False,8,C,0.95,0;0;0,C25L95,8C
1.6154481012845043,0.05471989742539462,0.01481775602442572,0.0007528803516681036,3150,0.0,False,8,C,0.95,0;0;0,C25L95,8C
2.0280816152762355,0.0627492710068576,0.01762379708833923,0.0008179259734935069,3150,0.0,False,8,C,0.95,0;0;0,C25L95,8C
1.1846627080190495,0.03631980056936637,0.016901233238612305,0.000777245814079691,3150,0.0,False,8,C,0.95,0;0;0,C25L95,8C
3.2893952746521995,0.10530223353119599,0.03862392117547308,0.0018546806454904745,3150,0.0,False,8,C,0.95,0;0;0,C25L95,8C
2.8498047617119098,0.08366894281422634,0.023797205677667948,0.0010480123416176307,3150,0.0,False,8,C,0.95,0;0;0,C25L95,8C
1.182312189477608,0.03687260378259007,0.013605984710081629,0.0006364918941271561,3150,0.0,False,8,C,0.95,0;0;0,C25L95,8C
6.353445671384089,0.19024064006134364,0.07544932339645528,0.003388758238648022,3150,0.0,False,8,C,0.95,0;0;0,C25L95,8C
14.901055191127398,0.45223343626592943,0.13080707184966525,0.005954813014753636,3150,0.0,False,8,C,0.95,0;0;0,C25L95,8C
1.849042738177295,0.05660631302738995,0.01703486329919773,0.0007822540694032813,3150,0.0,False,8,C,0.95,0;0;0,C25L95,8C
1.894938802808149,0.05943125100491401,0.017968801814980798,0.0008453373554922639,3150,0.0,False,8,C,0.95,0;0;0,C25L95,8C
3.0610982778202325,0.09252270204421999,0.02085591944070119,0.000945565534885894,3150,0.0,False,8,C,0.95,0;0;0,C25L95,8C
2.6882807437070317,0.0793863831280457,0.02265280564506266,0.001003424388658316,3150,0.0,False,8,C,0.95,0;0;0,C25L95,8C
11.64888035891372,0.3403383148730952,0.1522443690527345,0.0066720479242466536,3150,0.0,False,8,C,0.95,0;0;0,C25L95,8C
1.0635388150592189,0.033520420731149775,0.008950086062089082,0.00042313074915538543,3150,0.0,False,8,C,0.95,0;0;0,C25L95,8C
1.0481774869914646,0.033815858280456475,0.008111910229766772,0.0003925545197992962,3150,0.0,False,8,C,0.95,0;0;0,C25L95,8C
12.245334854832576,0.36232660262442584,0.10273930729478763,0.00455992236342355,3150,0.0,False,8,C,0.95,0;0;0,C25L95,8C
1.479781171259638,0.06471344761300928,0.022060722209925457,0.0014471315949593276,2500,0.0,False,8,C,0.95,0;0;0,C25L95,8C
0.591667779397936,0.025401052585528987,0.007483157810277985,0.00048189226707115023,2500,0.0,False,8,C,0.95,0;0;0,C25L95,8C
0.6588838291314457,0.027766158080286544,0.005326809717694807,0.0003367172651970197,2500,0.0,False,8,C,0.95,0;0;0,C25L95,8C
0.5151222720865477,0.02539370511894126,0.005955996433856774,0.000440414321006334,2500,0.0,False,8,C,0.95,0;0;0,C25L95,8C
5.659723517175756,0.26690574876976336,0.03383854061558224,0.0023936772687400405,2500,0.0,False,8,C,0.95,0;0;0,C25L95,8C
1.7129580913408924,0.07472993893438797,0.015292176624030073,0.0010007104940843116,2500,0.0,False,8,C,0.95,0;0;0,C25L95,8C
1.2273988123890658,0.051760585721515324,0.010160502132662978,0.0006427171873186991,2500,0.0,False,8,C,0.95,0;0;0,C25L95,8C
1.023242072707553,0.044654705352689505,0.008717305607004474,0.0005706402088023615,2500,0.0,False,8,C,0.95,0;0;0,C25L95,8C
1.0378577491843777,0.04011777288975725,0.013333587048883884,0.0007731027938847672,2500,0.0,False,8,C,0.95,0;0;0,C25L95,8C
0.5820184742500359,0.024439502541113704,0.007672326724907803,0.0004832523110144917,2500,0.0,False,8,C,0.95,0;0;0,C25L95,8C
0.904046146746494,0.038981565958201264,0.011038770084676549,0.0007139710937906942,2500,0.0,False,8,C,0.95,0;0;0,C25L95,8C
4.832966072312508,0.2117508761925198,0.036660811059019756,0.0024093772067268157,2500,0.0,False,8,C,0.95,0;0;0,C25L95,8C
0.8156509665616255,0.03474324772246614,0.006714976143196089,0.0004290439584292799,2500,0.0,False,8,C,0.95,0;0;0,C25L95,8C
0.8274431590969396,0.03876090542264464,0.012409705682804905,0.0008719839357044648,2500,0.0,False,8,C,0.95,0;0;0,C25L95,8C
1.1865086622707601,0.04869289262272096,0.0072853908931893195,0.00044847555827914865,2500,0.0,False,8,C,0.95,0;0;0,C25L95,8C
0.5370543190001766,0.025376803300750074,0.0049202858718259655,0.0003487388212012854,2500,0.0,False,8,C,0.95,0;0;0,C25L95,8C
2.3440404471618006,0.10039558498138808,0.012628549120649151,0.0008113238263244764,2500,0.0,False,8,C,0.95,0;0;0,C25L95,8C
0.7476198090272448,0.03515423719502641,0.009334141473063683,0.0006583586056587273,2500,0.0,False,8,C,0.95,0;0;0,C25L95,8C
0.6276990263048321,0.02681912972849908,0.005001935724460101,0.000320569789340639,2500,0.0,False,8,C,0.95,0;0;0,C25L95,8C
4.191569076600859,0.20863988265955158,0.0319354128319985,0.0023844295528188623,2500,0.0,False,8,C,0.95,0;0;0,C25L95,8C
0.8189940036989838,0.03655479386647545,0.007197875862921571,0.0004819025547022517,2500,0.0,False,8,C,0.95,0;0;0,C25L95,8C
0.9012678000998181,0.03876175534878505,0.00503555157085501,0.0003248537527037823,2500,0.0,False,8,C,0.95,0;0;0,C25L95,8C
1.28805009957666,0.051318478531925796,0.013679210232402358,0.0008175104254981582,2500,0.0,False,8,C,0.95,0;0;0,C25L95,8C
2.7730319571037714,0.13460712435158456,0.031306089295013176,0.002279466691990571,2500,0.0,False,8,C,0.95,0;0;0,C25L95,8C
0.8577368823338386,0.03733965191755966,0.009059333723265874,0.0005915666706170022,2500,0.0,False,8,C,0.95,0;0;0,C25L95,8C
1.9198185785897133,0.0907148256295242,0.016107731449165885,0.0011416782288655228,2500,0.0,False,8,C,0.95,0;0;0,C25L95,8C
0.7407041442049405,0.032885105948606844,0.005183410052320877,0.00034519245655486,2500,0.0,False,8,C,0.95,0;0;0,C25L95,8C
1.7053376491220178,0.07121191022466525,0.013627781947072305,0.0008536084203698857,2500,0.0,False,8,C,0.95,0;0;0,C25L95,8C
6.145958490179753,0.25339134904057703,0.08904717968949304,0.005506981138702593,2500,0.0,False,8,C,0.95,0;0;0,C25L95,8C
0.6462346526514218,0.030745741059790214,0.006602671303134068,0.00047120040999697324,2500,0.0,False,8,C,0.95,0;0;0,C25L95,8C
1.101983626486133,0.05109645171961403,0.009749067014956906,0.0006780627952197106,2500,0.0,False,8,C,0.95,0;0;0,C25L95,8C
2.3308478331963496,0.10427453215027885,0.023221974574614394,0.0015583131381766207,2500,0.0,False,8,C,0.95,0;0;0,C25L95,8C
0.6127645848167024,0.025638437329333307,0.004673736844745464,0.00029332792435364096,2500,0.0,False,8,C,0.95,0;0;0,C25L95,8C
0.47815831608330656,0.024011410488155402,0.005166205568224273,0.00038914271191891725,2500,0.0,False,8,C,0.95,0;0;0,C25L95,8C
1.3300906757517985,0.05745881047213443,0.018198785314441173,0.001179258574549245,2500,0.0,False,8,C,0.95,0;0;0,C25L95,8C
1.415043582294321,0.058421049826144884,0.017375049760443347,0.0010760113615802531,2500,0.0,False,8,C,0.95,0;0;0,C25L95,8C
1.5580810153276514,0.07208444124679285,0.009175986939274218,0.0006367889906543349,2500,0.0,False,8,C,0.95,0;0;0,C25L95,8C
6.62255119299708,0.3003532486356393,0.061340996527767144,0.004173006831825888,2500,0.0,False,8,C,0.95,0;0;0,C25L95,8C
0.674904535061311,0.0293327250127435,0.00898098123083578,0.000585497590629136,2500,0.0,False,8,C,0.95,0;0;0,C25L95,8C
5.187903731952055,0.2240687858829007,0.03960016577281921,0.0025655336501796923,2500,0.0,False,8,C,0.95,0;0;0,C25L95,8C
0.6366903734959555,0.03674072119718247,0.0051284175193435115,0.0004439090791329744,1850,0.0,False,8,C,0.95,0;0;0,C25L95,8C
0.997835315688467,0.05662544966178844,0.006324144780615098,0.0005383266200818452,1850,0.0,False,8,C,0.95,0;0;0,C25L95,8C
0.36332323793883203,0.023365550518600498,0.001988287650764612,0.00019180208158308667,1850,0.0,False,8,C,0.95,0;0;0,C25L95,8C
0.35876133678239985,0.021407168434785896,0.0039181503220637815,0.00035069207003806985,1850,0.0,False,8,C,0.95,0;0;0,C25L95,8C
0.30787701448619137,0.021591346371597854,0.0023325299026623852,0.0002453697029049491,1850,0.0,False,8,C,0.95,0;0;0,C25L95,8C
1.1570894394013316,0.07032902598898559,0.014499178517023469,0.0013219113423984011,1850,0.0,False,8,C,0.95,0;0;0,C25L95,8C
0.29673620106334747,0.018497047882467883,0.0024622736122602074,0.00023022869846603888,1850,0.0,False,8,C,0.95,0;0;0,C25L95,8C
0.2886441189186682,0.01775416589112631,0.002849250606528067,0.00026288116378327434,1850,0.0,False,8,C,0.95,0;0;0,C25L95,8C
1.7463409904529477,0.10467728048373762,0.010894437934127999,0.0009795339010919074,1850,0.0,False,8,C,0.95,0;0;0,C25L95,8C
0.8331504135139394,0.068100600211559,0.004737467022328964,0.0005808513249288662,1850,0.0,False,8,C,0.95,0;0;0,C25L95,8C
0.39081163158178966,0.023422835404743065,0.0042449033014031225,0.0003816199287699837,1850,0.0,False,8,C,0.95,0;0;0,C25L95,8C
0.7593542257082518,0.045973468287565517,0.007116121388741196,0.0006462453949419135,1850,0.0,False,8,C,0.95,0;0;0,C25L95,8C
0.3458977036432523,0.02158970502846958,0.0033945549632479204,0.00031781408023614534,1850,0.0,False,8,C,0.95,0;0;0,C25L95,8C
0.4574386563707201,0.027880400286721046,0.005294092924435271,0.0004840040117927844,1850,0.0,False,8,C,0.95,0;0;0,C25L95,8C
0.30076543131160927,0.022571021196334806,0.002325387604427028,0.00026176399003200905,1850,0.0,False,8,C,0.95,0;0;0,C25L95,8C
0.5328634114339696,0.029991065665017885,0.0038458776625379274,0.0003246853707024315,1850,0.0,False,8,C,0.95,0;0;0,C25L95,8C
0.32652262226437345,0.022175148423385103,0.0030897203822730962,0.00031474851997324995,1850,0.0,False,8,C,0.95,0;0;0,C25L95,8C
0.2859331980379435,0.019068158388386616,0.0018385716262332068,0.00018391450460094585,1850,0.0,False,8,C,0.95,0;0;0,C25L95,8C
1.255218743898159,0.06932245383496317,0.007603489266605788,0.0006298812890954762,1850,0.0,False,8,C,0.95,0;0;0,C25L95,8C
0.6307371919942588,0.04418311619902698,0.0038526737709153247,0.00040481947566565406,1850,0.0,False,8,C,0.95,0;0;0,C25L95,8C
0.40608033322989484,0.026339711744597864,0.005618796646999233,0.0005466805651100817,1850,0.0,False,8,C,0.95,0;0;0,C25L95,8C
0.5802978422403955,0.03024889046450428,0.0030980813254128546,0.0002422381642004737,1850,0.0,False,8,C,0.95,0;0;0,C25L95,8C
0.3564049898592753,0.023696814193587483,0.005133484305794631,0.000511976096945828,1850,0.0,False,8,C,0.95,0;0;0,C25L95,8C
0.26084497597488987,0.017669320963830514,0.0016158001238750497,0.00016417849852450514,1850,0.0,False,8,C,0.95,0;0;0,C25L95,8C
1.5626261773756804,0.11195725046768464,0.016385917790610563,0.0017609992032520787,1850,0.0,False,8,C,0.95,0;0;0,C25L95,8C
0.9977350555817142,0.06388338963056167,0.01409006773805444,0.0013532469599953115,1850,0.0,False,8,C,0.95,0;0;0,C25L95,8C
1.3012545341616526,0.08316790174199874,0.01457595916953063,0.0013974037071708444,1850,0.0,False,8,C,0.95,0;0;0,C25L95,8C
0.36210766525894245,0.025179006555464026,0.0046402860321510175,0.0004839905515637517,1850,0.0,False,8,C,0.95,0;0;0,C25L95,8C
0.6745550502426242,0.040237165215547877,0.005664353796598881,0.0005068175076394897,1850,0.0,False,8,C,0.95,0;0;0,C25L95,8C
0.8298637719590349,0.05672856120225448,0.006802107596959578,0.0006974767247777079,1850,0.0,False,8,C,0.95,0;0;0,C25L95,8C
0.6243567044056031,0.04965411480534268,0.004902580491687413,0.0005848418689003243,1850,0.0,False,8,C,0.95,0;0;0,C25L95,8C
0.38042465863281466,0.02339131293151003,0.004251890229954401,0.0003921563415870326,1850,0.0,False,8,C,0.95,0;0;0,C25L95,8C
0.36176391969051425,0.023843299245201233,0.001958058185839514,0.000193578870321399,1850,0.0,False,8,C,0.95,0;0;0,C25L95,8C
1.6199896852962525,0.10955118847189957,0.020266212758850724,0.002055742435005497,1850,0.0,False,8,C,0.95,0;0;0,C25L95,8C
0.3585306574371662,0.019860818324323824,0.002231098768895965,0.00018538769165269098,1850,0.0,False,8,C,0.95,0;0;0,C25L95,8C
0.2953955088859024,0.017863461302072666,0.0014884806779488205,0.00013501940376330453,1850,0.0,False,8,C,0.95,0;0;0,C25L95,8C
0.5690607717351714,0.034819676448570404,0.007213761655661502,0.0006620932050754621,1850,0.0,False,8,C,0.95,0;0;0,C25L95,8C
0.2469317570670133,0.01848217869345743,0.00223931505827258,0.00025141007509239875,1850,0.0,False,8,C,0.95,0;0;0,C25L95,8C
0.29309983912385645,0.017570741808662377,0.0036738908245689404,0.00033036347258673935,1850,0.0,False,8,C,0.95,0;0;0,C25L95,8C
3.104489332417984,0.1906391641181556,0.026426124978132078,0.0024341464105414696,1850,0.0,False,8,C,0.95,0;0;0,C25L95,8C
